rank,prev_rank,name,league,off,def,spi
1,1,Manchester City,Barclays Premier League,3.18,0.3,93.85
2,3,Liverpool,Barclays Premier League,2.97,0.22,93.82
3,2,Bayern Munich,German Bundesliga,3.45,0.45,93.41
4,4,Paris Saint-Germain,French Ligue 1,3.03,0.49,90.46
5,5,Real Madrid,Spanish Primera Division,2.79,0.41,89.75
6,6,Barcelona,Spanish Primera Division,2.88,0.51,88.84
7,7,Atletico Madrid,Spanish Primera Division,2.21,0.29,86.73
8,9,RB Leipzig,German Bundesliga,2.73,0.59,86.26
9,8,Chelsea,Barclays Premier League,2.47,0.51,85.02
10,10,Juventus,Italy Serie A,2.51,0.56,84.52
11,12,Borussia Dortmund,German Bundesliga,2.56,0.68,82.81
12,11,Leicester City,Barclays Premier League,2.28,0.52,82.63
13,13,Tottenham Hotspur,Barclays Premier League,2.37,0.61,81.9
14,14,Ajax,Dutch Eredivisie,2.92,0.98,81.43
15,17,Manchester United,Barclays Premier League,2.18,0.54,81.06
16,15,Internazionale,Italy Serie A,2.33,0.64,80.71
17,16,Sevilla FC,Spanish Primera Division,2.08,0.5,80.52
18,18,FC Salzburg,Austrian T-Mobile Bundesliga,2.88,1.07,79.34
19,19,Bayer Leverkusen,German Bundesliga,2.2,0.63,79.25
20,20,Getafe,Spanish Primera Division,1.78,0.38,79.09
21,21,Napoli,Italy Serie A,2.27,0.7,78.78
22,25,Everton,Barclays Premier League,2.05,0.57,78.48
23,22,Atalanta,Italy Serie A,2.4,0.8,78.39
24,28,Wolverhampton,Barclays Premier League,2.0,0.56,78.08
25,23,Real Sociedad,Spanish Primera Division,2.2,0.69,77.99
26,24,Benfica,Portuguese Liga,2.25,0.73,77.92
27,26,AS Roma,Italy Serie A,2.17,0.7,77.41
28,27,Zenit St Petersburg,Russian Premier Liga,2.03,0.64,76.67
29,30,Arsenal,Barclays Premier League,2.14,0.72,76.4
30,29,FC Porto,Portuguese Liga,1.93,0.6,75.98
31,31,Borussia Monchengladbach,German Bundesliga,2.18,0.8,75.25
32,32,VfL Wolfsburg,German Bundesliga,1.88,0.65,74.03
33,33,Lazio,Italy Serie A,2.13,0.82,74.02
34,34,Olympiacos,Greek Super League,2.08,0.79,73.92
35,35,Athletic Bilbao,Spanish Primera Division,1.72,0.54,73.73
36,36,Villarreal,Spanish Primera Division,2.15,0.85,73.62
37,38,Club Brugge,Belgian Jupiler League,2.05,0.79,73.52
38,37,Valencia,Spanish Primera Division,2.11,0.85,73.07
39,41,Sheffield United,Barclays Premier League,1.79,0.62,72.98
40,39,Flamengo,Brasileiro Série A,2.08,0.88,71.72
41,40,Lyon,French Ligue 1,1.88,0.75,71.54
42,42,AC Milan,Italy Serie A,1.85,0.73,71.27
43,53,Brighton and Hove Albion,Barclays Premier League,1.89,0.76,71.24
44,43,Osasuna,Spanish Primera Division,1.94,0.82,70.91
45,55,Watford,Barclays Premier League,1.87,0.78,70.44
46,45,Eibar,Spanish Primera Division,1.79,0.73,70.32
47,46,TSG Hoffenheim,German Bundesliga,2.18,1.02,70.25
48,47,Eintracht Frankfurt,German Bundesliga,2.1,0.97,70.21
49,48,PAOK Salonika,Greek Super League,2.01,0.91,70.0
50,49,Shakhtar Donetsk,UEFA Europa League,2.13,1.01,69.87
51,50,Marseille,French Ligue 1,1.84,0.78,69.82
52,51,Crystal Palace,Barclays Premier League,1.76,0.73,69.75
53,69,Southampton,Barclays Premier League,1.9,0.84,69.75
54,52,AS Monaco,French Ligue 1,1.99,0.91,69.63
55,57,Rangers,Scottish Premiership,2.03,0.97,69.06
56,54,Real Betis,Spanish Primera Division,1.96,0.91,69.03
57,44,Burnley,Barclays Premier League,1.79,0.79,68.81
58,58,Basel,Swiss Raiffeisen Super League,2.09,1.06,68.03
59,59,Schalke 04,German Bundesliga,1.95,0.96,67.8
60,61,Lille,French Ligue 1,1.76,0.81,67.62
61,62,Espanyol,Spanish Primera Division,1.79,0.84,67.58
62,63,AZ,Dutch Eredivisie,2.0,1.01,67.5
63,64,FC Krasnodar,Russian Premier Liga,1.77,0.84,67.26
64,65,Granada,Spanish Primera Division,1.71,0.79,67.24
65,66,Celta Vigo,Spanish Primera Division,1.79,0.85,67.22
66,67,Dynamo Kiev,UEFA Europa League,1.97,1.01,67.02
67,72,West Ham United,Barclays Premier League,1.93,0.98,66.85
68,70,Fiorentina,Italy Serie A,1.84,0.91,66.77
69,71,Palmeiras,Brasileiro Série A,1.67,0.79,66.46
70,60,Leeds United,English League Championship,1.81,0.91,66.22
71,92,Brentford,English League Championship,1.66,0.8,66.16
72,73,Leganes,Spanish Primera Division,1.61,0.76,66.05
73,56,AFC Bournemouth,Barclays Premier League,1.78,0.9,65.91
74,74,Montpellier,French Ligue 1,1.6,0.77,65.59
75,75,Alavés,Spanish Primera Division,1.72,0.87,65.51
76,76,Dinamo Zagreb,UEFA Champions League,2.05,1.14,65.45
77,77,LASK Linz,Austrian T-Mobile Bundesliga,1.9,1.02,65.39
78,78,Hertha Berlin,German Bundesliga,1.81,0.95,65.28
79,68,Celtic,Scottish Premiership,1.86,1.0,65.27
80,79,Santos,Brasileiro Série A,1.6,0.78,65.25
81,80,River Plate,Argentina Primera Division,1.81,0.96,65.08
82,81,FC Augsburg,German Bundesliga,1.92,1.06,64.8
83,83,FC Cologne,German Bundesliga,1.75,0.93,64.6
84,84,Angers,French Ligue 1,1.54,0.75,64.59
85,85,CSKA Moscow,Russian Premier Liga,1.63,0.84,64.35
86,86,1. FC Union Berlin,German Bundesliga,1.72,0.92,64.16
87,87,Young Boys,Swiss Raiffeisen Super League,2.13,1.26,64.11
88,88,Sporting CP,Portuguese Liga,1.72,0.93,64.0
89,89,SC Freiburg,German Bundesliga,1.87,1.06,63.95
90,91,Bologna,Italy Serie A,1.86,1.05,63.86
91,93,PSV,Dutch Eredivisie,2.06,1.23,63.5
92,94,Slavia Prague,UEFA Champions League,1.92,1.13,63.19
93,95,Stade Rennes,French Ligue 1,1.55,0.83,63.13
94,96,Mainz,German Bundesliga,1.98,1.18,63.08
95,97,Werder Bremen,German Bundesliga,1.94,1.15,63.06
96,98,Levante,Spanish Primera Division,1.96,1.19,62.79
97,99,Grêmio,Brasileiro Série A,1.65,0.93,62.69
98,100,Strasbourg,French Ligue 1,1.6,0.9,62.18
99,101,Atlético Paranaense,Brasileiro Série A,1.42,0.75,62.05
100,102,Nantes,French Ligue 1,1.45,0.78,62.05
101,103,Real Valladolid,Spanish Primera Division,1.53,0.85,61.94
102,104,Sampdoria,Italy Serie A,1.56,0.88,61.87
103,105,Braga,Portuguese Liga,1.69,0.99,61.8
104,106,Guangzhou Evergrande,Chinese Super League,1.87,1.15,61.79
105,107,Reims,French Ligue 1,1.38,0.73,61.77
106,90,Aston Villa,Barclays Premier League,1.87,1.16,61.64
107,108,Malmo FF,Swedish Allsvenskan,1.58,0.91,61.61
108,109,Sassuolo,Italy Serie A,1.76,1.06,61.48
109,82,Newcastle,Barclays Premier League,1.65,0.98,61.28
110,110,Ludogorets,UEFA Europa League,1.69,1.05,60.46
111,111,Torino,Italy Serie A,1.67,1.03,60.44
112,116,Norwich City,Barclays Premier League,1.71,1.08,60.11
113,112,FC Midtjylland,Danish SAS-Ligaen,1.69,1.06,60.02
114,132,Istanbul Basaksehir,Turkish Turkcell Super Lig,1.63,1.03,59.67
115,113,Mallorca,Spanish Primera Division,1.73,1.12,59.64
116,141,Galatasaray,Turkish Turkcell Super Lig,1.69,1.09,59.57
117,115,Boca Juniors,Argentina Primera Division,1.47,0.89,59.47
118,117,Bordeaux,French Ligue 1,1.43,0.87,59.15
119,119,FC Copenhagen,Danish SAS-Ligaen,1.71,1.13,59.08
120,114,Club América,Mexican Primera Division Torneo Apertura,1.65,1.08,58.86
121,120,St Etienne,French Ligue 1,1.48,0.93,58.74
122,121,Rapid Vienna,Austrian T-Mobile Bundesliga,1.81,1.24,58.64
123,122,Shanghai SIPG,Chinese Super League,1.69,1.13,58.37
124,123,Beijing Guoan,Chinese Super League,1.76,1.21,58.34
125,124,Parma,Italy Serie A,1.61,1.07,58.22
126,125,Nice,French Ligue 1,1.55,1.02,58.18
127,127,Apoel Nicosia,UEFA Europa League,1.63,1.09,58.12
128,137,KAA Gent,Belgian Jupiler League,1.66,1.12,58.12
129,128,Internacional,Brasileiro Série A,1.49,0.97,58.03
130,129,Cagliari,Italy Serie A,1.73,1.19,58.03
131,134,Fenerbahce,Turkish Turkcell Super Lig,1.79,1.24,58.0
132,130,Fortuna Düsseldorf,German Bundesliga,1.74,1.2,57.96
133,131,Lokomotiv Moscow,Russian Premier Liga,1.64,1.11,57.92
134,138,Monterrey,Mexican Primera Division Torneo Apertura,1.61,1.1,57.74
135,133,Los Angeles FC,Major League Soccer,1.98,1.43,57.68
136,142,Trabzonspor,Turkish Turkcell Super Lig,1.76,1.23,57.6
137,135,Guimaraes,Portuguese Liga,1.55,1.05,57.55
138,136,Feyenoord,Dutch Eredivisie,1.84,1.33,57.29
139,139,Hammarby,Swedish Allsvenskan,2.13,1.6,57.14
140,140,São Paulo,Brasileiro Série A,1.32,0.85,57.09
141,143,Verona,Italy Serie A,1.55,1.09,56.64
142,118,West Bromwich Albion,English League Championship,1.58,1.12,56.55
143,144,Red Star Belgrade,UEFA Champions League,1.92,1.43,56.48
144,126,Fulham,English League Championship,1.66,1.19,56.41
145,145,SC Paderborn,German Bundesliga,1.66,1.19,56.37
146,146,Rostov,Russian Premier Liga,1.54,1.09,56.16
147,147,Santos Laguna,Mexican Primera Division Torneo Apertura,1.7,1.25,55.95
148,148,Genoa,Italy Serie A,1.64,1.2,55.87
149,157,Besiktas,Turkish Turkcell Super Lig,1.77,1.32,55.77
150,149,Tigres UANL,Mexican Primera Division Torneo Apertura,1.44,1.02,55.77
151,151,Udinese,Italy Serie A,1.53,1.1,55.58
152,152,FC Arsenal Tula,Russian Premier Liga,1.4,0.99,55.46
153,153,Molde,Norwegian Tippeligaen,1.93,1.5,55.26
154,154,Brescia,Italy Serie A,1.53,1.12,55.2
155,155,Dijon FCO,French Ligue 1,1.39,1.0,55.03
156,156,Spal,Italy Serie A,1.48,1.09,54.94
157,159,Sivasspor,Turkish Turkcell Super Lig,1.7,1.31,54.54
158,197,Stoke City,English League Championship,1.45,1.07,54.53
159,158,Cruz Azul,Mexican Primera Division Torneo Apertura,1.46,1.09,54.51
160,160,Ferencvaros,UEFA Europa League,1.59,1.22,54.14
161,161,St Gallen,Swiss Raiffeisen Super League,1.87,1.49,54.1
162,162,Wolfsberger AC,Austrian T-Mobile Bundesliga,1.65,1.3,53.78
163,163,Brest,French Ligue 1,1.49,1.15,53.65
164,164,Yokohama F. Marinos,Japanese J League,1.76,1.42,53.62
165,165,Atletico Mineiro,Brasileiro Série A,1.42,1.08,53.53
166,167,Pachuca,Mexican Primera Division Torneo Apertura,1.63,1.31,53.21
167,168,AEK Athens,Greek Super League,1.43,1.11,53.21
168,170,Spartak Moscow,Russian Premier Liga,1.29,0.98,53.0
169,171,Fluminense,Brasileiro Série A,1.35,1.04,52.91
170,172,Corinthians,Brasileiro Série A,1.26,0.96,52.88
171,174,FK Partizan Belgrade,UEFA Europa League,1.51,1.21,52.7
172,175,Vitesse,Dutch Eredivisie,1.75,1.46,52.49
173,173,Genk,Belgian Jupiler League,1.68,1.39,52.48
174,169,Hull City,English League Championship,1.47,1.19,52.41
175,208,Sporting de Charleroi,Belgian Jupiler League,1.46,1.17,52.32
176,176,FK Qarabag,UEFA Europa League,1.44,1.16,52.29
177,178,Djurgardens IF,Swedish Allsvenskan,1.36,1.08,52.22
178,179,IFK Norrkoping,Swedish Allsvenskan,1.54,1.26,52.21
179,166,Standard Liege,Belgian Jupiler League,1.54,1.27,52.14
180,180,Metz,French Ligue 1,1.36,1.09,52.0
181,150,Sheffield Wednesday,English League Championship,1.43,1.16,52.0
182,181,Rio Ave,Portuguese Liga,1.41,1.15,51.91
183,182,Vasco da Gama,Brasileiro Série A,1.34,1.08,51.83
184,183,Amiens,French Ligue 1,1.39,1.13,51.72
185,177,Antwerp,Belgian Jupiler League,1.5,1.25,51.62
186,184,Brondby,Danish SAS-Ligaen,1.73,1.49,51.39
187,185,Jiangsu Suning FC,Chinese Super League,1.5,1.26,51.28
188,186,Kawasaki Frontale,Japanese J League,1.48,1.25,51.15
189,188,FC Utrecht,Dutch Eredivisie,1.64,1.41,50.89
190,189,Cruzeiro,Brasileiro Série A,1.18,0.96,50.89
191,193,Alanyaspor,Turkish Turkcell Super Lig,1.44,1.23,50.7
192,191,FC Astana,UEFA Europa League,1.54,1.33,50.65
193,192,Velez Sarsfield,Argentina Primera Division,1.19,0.97,50.63
194,194,Bahía,Brasileiro Série A,1.28,1.07,50.48
195,195,Lecce,Italy Serie A,1.67,1.47,50.48
196,196,Nimes,French Ligue 1,1.41,1.2,50.43
197,198,Racing Club,Argentina Primera Division,1.29,1.08,50.39
198,199,VfB Stuttgart,German 2. Bundesliga,1.6,1.4,50.22
199,200,León,Mexican Primera Division Torneo Apertura,1.53,1.34,50.12
200,201,Shandong Luneng,Chinese Super League,1.6,1.43,49.81
201,204,Anderlecht,Belgian Jupiler League,1.29,1.11,49.81
202,202,Ceará,Brasileiro Série A,1.25,1.07,49.77
203,203,SK Sturm Graz,Austrian T-Mobile Bundesliga,1.49,1.32,49.69
204,225,Queens Park Rangers,English League Championship,1.53,1.37,49.57
205,206,CFR 1907 Cluj,UEFA Europa League,1.48,1.32,49.57
206,212,Millwall,English League Championship,1.26,1.1,49.34
207,207,Toulouse,French Ligue 1,1.47,1.32,49.33
208,209,Dinamo Moscow,Russian Premier Liga,1.13,0.97,49.16
209,256,Middlesbrough,English League Championship,1.27,1.12,49.04
210,210,AGF Aarhus,Danish SAS-Ligaen,1.49,1.35,49.0
211,190,Cardiff City,English League Championship,1.45,1.31,48.93
212,187,Preston North End,English League Championship,1.32,1.19,48.78
213,205,Swansea City,English League Championship,1.4,1.28,48.64
214,213,AIK,Swedish Allsvenskan,1.29,1.16,48.48
215,214,Defensa y Justicia,Argentina Primera Division,1.18,1.06,48.25
216,216,Hamburg SV,German 2. Bundesliga,1.47,1.37,48.18
217,217,Atlanta United FC,Major League Soccer,1.47,1.38,47.92
218,219,Nottingham Forest,English League Championship,1.29,1.2,47.78
219,218,Fortaleza,Brasileiro Série A,1.31,1.22,47.7
220,233,Reading,English League Championship,1.3,1.22,47.63
221,220,Kashima Antlers,Japanese J League,1.27,1.19,47.56
222,221,FC Ufa,Russian Premier Liga,1.0,0.9,47.42
223,222,Necaxa,Mexican Primera Division Torneo Apertura,1.4,1.35,46.94
224,223,Querétaro,Mexican Primera Division Torneo Apertura,1.36,1.31,46.87
225,211,Bristol City,English League Championship,1.41,1.37,46.73
226,226,Aris Salonika,Greek Super League,1.37,1.33,46.69
227,227,Yeni Malatyaspor,Turkish Turkcell Super Lig,1.48,1.45,46.69
228,228,Pumas Unam,Mexican Primera Division Torneo Apertura,1.29,1.25,46.67
229,229,New York City FC,Major League Soccer,1.49,1.46,46.62
230,230,Gazovik Orenburg,Russian Premier Liga,1.34,1.3,46.62
231,231,Lanus,Argentina Primera Division,1.26,1.21,46.51
232,232,Newell's Old Boys,Argentina Primera Division,1.24,1.2,46.36
233,234,Banfield,Argentina Primera Division,1.12,1.09,46.08
234,236,Birmingham,English League Championship,1.37,1.36,46.0
235,224,Blackburn,English League Championship,1.29,1.27,45.98
236,235,Heerenveen,Dutch Eredivisie,1.56,1.56,45.96
237,237,Boavista,Portuguese Liga,1.08,1.06,45.84
238,238,Philadelphia Union,Major League Soccer,1.5,1.51,45.79
239,239,FC Tambov,Russian Premier Liga,1.27,1.26,45.72
240,240,PFC Oleksandriya,UEFA Europa League,1.33,1.33,45.69
241,241,FC Nordsjaelland,Danish SAS-Ligaen,1.49,1.5,45.62
242,243,Servette,Swiss Raiffeisen Super League,1.36,1.37,45.5
243,244,Talleres de Córdoba,Argentina Primera Division,1.14,1.13,45.48
244,245,FC Groningen,Dutch Eredivisie,1.13,1.12,45.47
245,215,Huddersfield Town,English League Championship,1.26,1.27,45.38
246,246,CA Independiente,Argentina Primera Division,1.17,1.17,45.37
247,247,Toronto FC,Major League Soccer,1.49,1.52,45.31
248,248,Morelia,Mexican Primera Division Torneo Apertura,1.39,1.42,45.3
249,249,Heracles,Dutch Eredivisie,1.58,1.62,45.15
250,251,Ural Sverdlovsk Oblast,Russian Premier Liga,1.28,1.3,45.06
251,252,Gil Vicente,Portuguese Liga,1.19,1.21,44.89
252,254,Portimonense,Portuguese Liga,1.24,1.27,44.74
253,255,Lens,French Ligue 2,1.15,1.18,44.72
254,257,Slovan Bratislava,UEFA Europa League,1.26,1.3,44.65
255,250,Derby County,English League Championship,1.27,1.31,44.59
256,258,FK Austria Vienna,Austrian T-Mobile Bundesliga,1.49,1.55,44.58
257,259,Lorient,French Ligue 2,1.31,1.36,44.52
258,260,Willem II,Dutch Eredivisie,1.52,1.6,44.35
259,261,Guadalajara,Mexican Primera Division Torneo Apertura,1.25,1.31,44.3
260,297,Wigan,English League Championship,1.2,1.25,44.2
261,242,Mouscron-Peruwelz,Belgian Jupiler League,1.27,1.34,44.04
262,262,Guingamp,French Ligue 2,1.4,1.49,43.86
263,263,Los Angeles Galaxy,Major League Soccer,1.81,1.94,43.78
264,264,Arsenal Sarandi,Argentina Primera Division,1.29,1.37,43.77
265,265,Rosenborg,Norwegian Tippeligaen,1.49,1.59,43.72
266,266,Famalicao,Portuguese Liga,1.36,1.46,43.62
267,267,Chicago Fire,Major League Soccer,1.45,1.56,43.52
268,268,Rayo Vallecano,Spanish Segunda Division,1.26,1.35,43.4
269,270,Goiás,Brasileiro Série A,1.33,1.44,43.18
270,253,SV Zulte Waregem,Belgian Jupiler League,1.39,1.51,43.15
271,271,Seattle Sounders FC,Major League Soccer,1.39,1.51,43.13
272,272,Girona FC,Spanish Segunda Division,1.29,1.41,43.09
273,273,Terek Grozny,Russian Premier Liga,0.98,1.06,42.99
274,274,Rosario Central,Argentina Primera Division,1.11,1.21,42.93
275,275,Randers FC,Danish SAS-Ligaen,1.35,1.49,42.79
276,269,Goztepe,Turkish Turkcell Super Lig,1.16,1.27,42.78
277,276,FC Lugano,Swiss Raiffeisen Super League,1.08,1.18,42.71
278,277,Odense BK,Danish SAS-Ligaen,1.25,1.37,42.67
279,278,Estudiantes,Argentina Primera Division,1.03,1.12,42.64
280,279,Santa Clara,Portuguese Liga,1.21,1.34,42.6
281,280,Sochi,Russian Premier Liga,1.18,1.31,42.53
282,281,Cerezo Osaka,Japanese J League,0.96,1.06,42.37
283,282,Atlético Tucumán,Argentina Primera Division,1.1,1.23,42.35
284,283,Argentinos Juniors,Argentina Primera Division,1.0,1.1,42.34
285,284,Union Santa Fe,Argentina Primera Division,1.07,1.2,42.23
286,304,Barnsley,English League Championship,1.31,1.47,42.21
287,285,Vitoria Setubal,Portuguese Liga,1.01,1.12,42.17
288,286,New York Red Bulls,Major League Soccer,1.41,1.59,41.98
289,287,Rubin Kazan,Russian Premier Liga,0.88,0.98,41.96
290,288,AaB,Danish SAS-Ligaen,1.24,1.4,41.87
291,289,Almeria,Spanish Segunda Division,1.2,1.36,41.84
292,290,BK Hacken,Swedish Allsvenskan,1.15,1.31,41.67
293,291,Moreirense,Portuguese Liga,1.18,1.35,41.63
294,292,Tianjin Teda,Chinese Super League,1.28,1.47,41.44
295,293,Atromitos,Greek Super League,1.24,1.42,41.44
296,294,Cadiz,Spanish Segunda Division,1.09,1.25,41.4
297,295,Portland Timbers,Major League Soccer,1.44,1.66,41.32
298,296,Krylia Sovetov,Russian Premier Liga,1.09,1.26,41.21
299,298,Sparta,Dutch Eredivisie,1.34,1.56,41.16
300,299,Tondela,Portuguese Liga,1.16,1.35,41.07
301,300,FC Dallas,Major League Soccer,1.37,1.6,40.98
302,301,San Lorenzo,Argentina Primera Division,1.16,1.35,40.92
303,302,Pacos Ferreira,Portuguese Liga,1.12,1.31,40.9
304,303,Sanfrecce Hiroshima,Japanese J League,1.03,1.22,40.64
305,305,Tijuana,Mexican Primera Division Torneo Apertura,1.27,1.5,40.44
306,306,Arizona United,United Soccer League,1.43,1.71,40.24
307,307,Arminia Bielefeld,German 2. Bundesliga,1.21,1.45,40.22
308,308,San Jose Earthquakes,Major League Soccer,1.4,1.68,40.13
309,309,Cashpoint SC Rheindorf Altach,Austrian T-Mobile Bundesliga,1.38,1.65,40.07
310,310,Gimnasia La Plata,Argentina Primera Division,1.05,1.26,40.06
311,311,FC Zurich,Swiss Raiffeisen Super League,1.28,1.54,39.97
312,312,Chapecoense AF,Brasileiro Série A,1.05,1.27,39.91
313,313,Hannover 96,German 2. Bundesliga,1.25,1.51,39.85
314,314,Central Córdoba Santiago del Estero,Argentina Primera Division,1.1,1.34,39.83
315,316,Gamba Osaka,Japanese J League,1.33,1.62,39.58
316,317,Bodo/Glimt,Norwegian Tippeligaen,1.49,1.81,39.56
317,324,Perth Glory,Australian A-League,1.29,1.58,39.43
318,318,Vissel Kobe,Japanese J League,1.6,1.94,39.43
319,319,Puebla,Mexican Primera Division Torneo Apertura,1.17,1.44,39.42
320,320,Botafogo,Brasileiro Série A,1.03,1.27,39.41
321,321,FC Tokyo,Japanese J League,0.98,1.21,39.39
322,315,Sydney FC,Australian A-League,1.33,1.63,39.31
323,346,KV Mechelen,Belgian Jupiler League,1.21,1.5,39.14
324,323,KV Kortrijk,Belgian Jupiler League,1.25,1.54,39.13
325,325,FC Luzern,Swiss Raiffeisen Super League,1.25,1.55,38.96
326,359,Benevento,Italy Serie B,1.04,1.31,38.93
327,326,Troyes,French Ligue 2,0.98,1.23,38.85
328,327,Panathinaikos,Greek Super League,0.96,1.21,38.8
329,328,OFI Crete,Greek Super League,1.15,1.45,38.76
330,329,Shanghai Greenland,Chinese Super League,1.34,1.68,38.68
331,330,Belenenses,Portuguese Liga,1.08,1.36,38.67
332,331,Desportivo Aves,Portuguese Liga,1.11,1.4,38.65
333,332,Henan Jianye,Chinese Super League,1.25,1.57,38.55
334,334,Minnesota United FC,Major League Soccer,1.25,1.58,38.54
335,333,Gazisehir Gaziantep,Turkish Turkcell Super Lig,1.23,1.56,38.43
336,335,Hartberg,Austrian T-Mobile Bundesliga,1.52,1.9,38.41
337,336,Maritimo,Portuguese Liga,1.06,1.36,38.26
338,338,Kaizer Chiefs,South African ABSA Premier League,1.1,1.41,38.24
339,339,Hebei China Fortune FC,Chinese Super League,1.29,1.65,38.14
340,361,Charlton Athletic,English League Championship,1.23,1.57,38.02
341,341,ADO Den Haag,Dutch Eredivisie,1.38,1.76,38.0
342,343,Holstein Kiel,German 2. Bundesliga,1.33,1.71,37.97
343,337,Caykur Rizespor,Turkish Turkcell Super Lig,1.18,1.52,37.85
344,345,Real Zaragoza,Spanish Segunda Division,1.13,1.47,37.83
345,342,Aberdeen,Scottish Premiership,1.17,1.52,37.78
346,322,Kasimpasa,Turkish Turkcell Super Lig,1.45,1.87,37.63
347,347,Wuhan Zall,Chinese Super League,1.17,1.53,37.62
348,348,New England Revolution,Major League Soccer,1.36,1.76,37.58
349,349,Huracán,Argentina Primera Division,0.89,1.18,37.53
350,350,Toluca,Mexican Primera Division Torneo Apertura,1.09,1.43,37.46
351,351,Sporting Kansas City,Major League Soccer,1.37,1.78,37.38
352,352,SD Huesca,Spanish Segunda Division,0.99,1.31,37.36
353,353,Columbus Crew,Major League Soccer,1.12,1.47,37.36
354,354,Atlas,Mexican Primera Division Torneo Apertura,1.07,1.42,37.32
355,344,St. Truidense,Belgian Jupiler League,1.17,1.55,37.22
356,355,FC Sion,Swiss Raiffeisen Super League,1.31,1.72,37.15
357,356,Konyaspor,Turkish Turkcell Super Lig,0.97,1.31,37.11
358,340,Genclerbirligi,Turkish Turkcell Super Lig,1.31,1.73,37.04
359,357,Real Salt Lake,Major League Soccer,1.01,1.36,36.98
360,358,Colorado Rapids,Major League Soccer,1.36,1.79,36.83
361,360,Dalian Aerbin,Chinese Super League,1.29,1.73,36.66
362,362,Asteras Tripolis,Greek Super League,0.98,1.34,36.52
363,363,IFK Goteborg,Swedish Allsvenskan,1.1,1.52,36.01
364,364,Málaga,Spanish Segunda Division,0.8,1.14,35.96
365,365,Patronato,Argentina Primera Division,1.03,1.44,35.85
366,366,CSA,Brasileiro Série A,1.03,1.44,35.79
367,367,SV Sandhausen,German 2. Bundesliga,1.17,1.63,35.59
368,368,1. FC Heidenheim 1846,German 2. Bundesliga,1.07,1.51,35.53
369,369,Le Havre,French Ligue 2,1.06,1.5,35.42
370,370,Las Palmas,Spanish Segunda Division,1.06,1.49,35.41
371,371,Viking FK,Norwegian Tippeligaen,1.31,1.81,35.41
372,372,Mamelodi Sundowns,South African ABSA Premier League,0.96,1.38,35.26
373,373,Numancia,Spanish Segunda Division,0.94,1.36,35.23
374,374,Elche,Spanish Segunda Division,1.04,1.49,35.17
375,375,F91 Dudelange,UEFA Europa League,1.4,1.94,35.14
376,376,1. FC Nürnberg,German 2. Bundesliga,1.12,1.59,35.09
377,377,Jahn Regensburg,German 2. Bundesliga,1.27,1.79,35.08
378,378,DC United,Major League Soccer,1.14,1.62,35.05
379,379,Larissa,Greek Super League,0.96,1.39,35.03
380,405,Crotone,Italy Serie B,1.07,1.53,34.98
381,380,Houston Dynamo,Major League Soccer,1.23,1.74,34.92
382,385,Melbourne City,Australian A-League,1.22,1.73,34.88
383,381,Chongqing Lifan,Chinese Super League,1.08,1.56,34.78
384,384,Fuenlabrada,Spanish Segunda Division,1.01,1.48,34.44
385,386,Denizlispor,Turkish Turkcell Super Lig,1.05,1.55,34.3
386,388,Real Monarchs SLC,United Soccer League,1.46,2.08,34.09
387,389,PEC Zwolle,Dutch Eredivisie,1.31,1.89,34.08
388,390,FC Twente,Dutch Eredivisie,1.24,1.81,34.04
389,391,Haugesund,Norwegian Tippeligaen,1.1,1.63,33.89
390,392,Bidvest Wits,South African ABSA Premier League,0.96,1.45,33.86
391,393,SD Ponferradina,Spanish Segunda Division,1.01,1.51,33.83
392,382,Frosinone,Italy Serie B,0.96,1.45,33.77
393,394,Guangzhou RF,Chinese Super League,1.44,2.07,33.73
394,396,Atlético San Luis,Mexican Primera Division Torneo Apertura,1.0,1.51,33.68
395,397,Orlando City SC,Major League Soccer,1.22,1.79,33.65
396,383,Oxford United,English League One,1.04,1.57,33.62
397,398,FC Juárez,Mexican Primera Division Torneo Apertura,0.98,1.5,33.51
398,399,Tianjin Quanujian,Chinese Super League,1.16,1.73,33.51
399,400,Consadole Sapporo,Japanese J League,1.15,1.72,33.38
400,401,Caen,French Ligue 2,0.98,1.51,33.2
401,402,VfL Osnabruck,German 2. Bundesliga,1.04,1.6,33.02
402,387,Luton Town,English League Championship,1.15,1.75,32.89
403,403,Aldosivi,Argentina Primera Division,0.87,1.37,32.87
404,404,Sporting Gijón,Spanish Segunda Division,0.8,1.28,32.83
405,406,Shenzhen FC,Chinese Super League,1.19,1.81,32.64
406,407,Neuchatel Xamax,Swiss Raiffeisen Super League,1.11,1.71,32.58
407,408,Mirandes,Spanish Segunda Division,1.02,1.6,32.56
408,409,Colon Santa Fe,Argentina Primera Division,0.93,1.48,32.54
409,395,Motherwell,Scottish Premiership,1.07,1.67,32.42
410,410,Avaí,Brasileiro Série A,0.87,1.4,32.37
411,411,Orlando Pirates,South African ABSA Premier League,1.05,1.65,32.33
412,412,Lamia,Greek Super League,0.79,1.31,32.12
413,414,Emmen,Dutch Eredivisie,1.13,1.78,32.01
414,415,Pittsburgh Riverhounds,United Soccer League,0.97,1.56,31.99
415,416,FC St. Pauli,German 2. Bundesliga,1.01,1.61,31.96
416,417,Nashville SC,United Soccer League,0.94,1.52,31.95
417,418,Montreal Impact,Major League Soccer,1.11,1.76,31.83
418,419,Louisville City FC,United Soccer League,1.17,1.84,31.7
419,420,Clermont Foot,French Ligue 2,0.84,1.4,31.64
420,423,VfL Bochum,German 2. Bundesliga,1.15,1.84,31.21
421,421,Hibernian,Scottish Premiership,1.05,1.71,31.18
422,424,AS Nancy Lorraine,French Ligue 2,0.8,1.37,30.99
423,425,Real Oviedo,Spanish Segunda Division,0.96,1.61,30.93
424,422,Sunderland,English League One,0.93,1.57,30.86
425,426,RKC,Dutch Eredivisie,1.2,1.93,30.84
426,427,Hobro IK,Danish SAS-Ligaen,0.9,1.52,30.8
427,428,Valenciennes,French Ligue 2,0.82,1.42,30.79
428,481,Rotherham United,English League One,1.05,1.75,30.62
429,430,SV Darmstadt 98,German 2. Bundesliga,0.94,1.6,30.56
430,431,Stabaek,Norwegian Tippeligaen,0.95,1.61,30.54
431,432,SpVgg Greuther Fürth,German 2. Bundesliga,1.0,1.68,30.53
432,433,AC Ajaccio,French Ligue 2,0.74,1.32,30.53
433,434,FC Trenkwalder Admira,Austrian T-Mobile Bundesliga,1.12,1.85,30.5
434,436,Lobos de la BUAP,Mexican Primera Division Torneo Clausura,0.98,1.67,30.3
435,442,Eupen,Belgian Jupiler League,0.92,1.58,30.27
436,437,SV Mattersburg,Austrian T-Mobile Bundesliga,1.16,1.92,30.19
437,438,Kristiansund BK,Norwegian Tippeligaen,1.08,1.81,30.19
438,440,IF Elfsborg,Swedish Allsvenskan,1.07,1.8,30.15
439,441,Lyngby,Danish SAS-Ligaen,1.01,1.72,30.11
440,450,Livingston,Scottish Premiership,1.02,1.74,30.05
441,453,Wellington Phoenix,Australian A-League,1.19,1.98,29.64
442,444,Melbourne Victory,Australian A-League,1.11,1.88,29.58
443,445,Vegalta Sendai,Japanese J League,0.88,1.57,29.56
444,446,Karlsruher SC,German 2. Bundesliga,1.1,1.87,29.53
445,413,KV Oostende,Belgian Jupiler League,1.02,1.77,29.39
446,447,Esbjerg,Danish SAS-Ligaen,0.94,1.67,29.36
447,448,Sonderjyske,Danish SAS-Ligaen,1.04,1.81,29.26
448,449,Odd BK,Norwegian Tippeligaen,1.04,1.81,29.21
449,457,Adelaide United,Australian A-League,1.11,1.92,28.96
450,451,Godoy Cruz,Argentina Primera Division,0.94,1.7,28.81
451,452,Tenerife,Spanish Segunda Division,0.83,1.53,28.81
452,454,Racing Santander,Spanish Segunda Division,0.86,1.58,28.71
453,455,Tampa Bay Rowdies,United Soccer League,1.0,1.79,28.71
454,468,Waasland-Beveren,Belgian Jupiler League,1.01,1.8,28.66
455,456,Grenoble,French Ligue 2,0.77,1.47,28.61
456,458,Albacete,Spanish Segunda Division,0.68,1.33,28.57
457,443,Chievo Verona,Italy Serie B,0.88,1.63,28.53
458,459,Ankaragucu,Turkish Turkcell Super Lig,1.01,1.82,28.47
459,460,Thun,Swiss Raiffeisen Super League,1.11,1.95,28.44
460,461,Urawa Red Diamonds,Japanese J League,0.96,1.74,28.44
461,463,Cittadella,Italy Serie B,0.85,1.6,28.36
462,435,Ipswich Town,English League One,0.91,1.68,28.24
463,465,Fortuna Sittard,Dutch Eredivisie,1.21,2.1,28.23
464,467,Auxerre,French Ligue 2,0.75,1.45,28.12
465,439,Antalyaspor,Turkish Turkcell Super Lig,0.98,1.79,28.07
466,469,Nagoya Grampus Eight,Japanese J League,1.01,1.84,28.06
467,470,Erzgebirge Aue,German 2. Bundesliga,0.96,1.78,27.93
468,471,Reno 1868 FC,United Soccer League,1.14,2.04,27.93
469,472,Sochaux,French Ligue 2,0.7,1.4,27.84
470,466,Western United,Australian A-League,0.94,1.77,27.56
471,473,Newcastle Jets,Australian A-League,1.12,2.03,27.45
472,462,Kilmarnock,Scottish Premiership,0.7,1.43,27.33
473,475,Extremadura UD,Spanish Segunda Division,0.68,1.4,27.31
474,464,Empoli,Italy Serie B,0.91,1.75,27.2
475,476,AD Alcorcon,Spanish Segunda Division,0.7,1.44,27.09
476,474,Portsmouth,English League One,0.94,1.81,27.04
477,535,Coventry City,English League One,0.89,1.74,27.01
478,478,Lugo,Spanish Segunda Division,0.8,1.6,26.96
479,479,Stromsgodset,Norwegian Tippeligaen,1.11,2.06,26.86
480,480,Guizhou Renhe,Chinese Super League,0.94,1.82,26.81
481,482,Silkeborg,Danish SAS-Ligaen,1.08,2.02,26.73
482,483,Deportivo La Coruña,Spanish Segunda Division,0.77,1.57,26.7
483,484,VVV Venlo,Dutch Eredivisie,1.1,2.05,26.7
484,477,Kayserispor,Turkish Turkcell Super Lig,1.05,1.99,26.57
485,485,Cercle Brugge,Belgian Jupiler League,0.99,1.9,26.52
486,486,Volos NFC,Greek Super League,0.84,1.68,26.47
487,487,Valerenga,Norwegian Tippeligaen,0.92,1.81,26.34
488,488,Shimizu S-Pulse,Japanese J League,1.07,2.03,26.23
489,511,Doncaster Rovers,English League One,0.87,1.77,26.06
490,489,St. Pölten,Austrian T-Mobile Bundesliga,0.96,1.89,26.06
491,492,Dynamo Dresden,German 2. Bundesliga,0.85,1.77,25.36
492,493,Le Mans,French Ligue 2,0.91,1.87,25.31
493,490,Spezia,Italy Serie B,0.74,1.61,25.28
494,429,Peterborough United,English League One,0.99,1.99,25.17
495,494,SV Wehen Wiesbaden,German 2. Bundesliga,0.88,1.82,25.16
496,496,SuperSport United,South African ABSA Premier League,0.69,1.54,25.08
497,497,Oita Trinita,Japanese J League,0.65,1.48,25.06
498,495,Western Sydney FC,Australian A-League,1.01,2.04,25.04
499,498,New York Red Bulls II,United Soccer League,1.2,2.31,25.01
500,499,Rodez,French Ligue 2,0.83,1.76,24.94
501,500,Veracruz,Mexican Primera Division Torneo Apertura,0.87,1.83,24.89
502,501,SK Brann,Norwegian Tippeligaen,0.74,1.65,24.63
503,491,Perugia,Italy Serie B,0.83,1.8,24.53
504,502,WSG Swarovski Wattens,Austrian T-Mobile Bundesliga,1.04,2.11,24.49
505,503,AC Horsens,Danish SAS-Ligaen,0.78,1.72,24.48
506,505,GIF Sundsvall,Swedish Allsvenskan,0.88,1.88,24.39
507,523,US Pescara,Italy Serie B,0.79,1.75,24.39
508,506,FC Xanthi,Greek Super League,0.62,1.48,24.21
509,513,Virtus Entella,Italy Serie B,0.72,1.65,24.15
510,508,Vancouver Whitecaps,Major League Soccer,0.93,1.98,24.08
511,509,Sagan Tosu,Japanese J League,0.74,1.69,24.05
512,510,Black Aces,South African ABSA Premier League,0.82,1.81,23.98
513,507,Fleetwood Town,English League One,0.86,1.88,23.82
514,529,Salernitana,Italy Serie B,0.78,1.76,23.82
515,515,Cremonese,Italy Serie B,0.65,1.56,23.76
516,514,Panionios,Greek Super League,0.73,1.7,23.6
517,517,Bloem Celtic,South African ABSA Premier League,0.78,1.8,23.3
518,518,Panetolikos,Greek Super League,0.69,1.65,23.3
519,528,Brisbane Roar,Australian A-League,0.99,2.12,23.26
520,519,North Carolina FC,United Soccer League,0.96,2.08,23.23
521,520,Orebro SK,Swedish Allsvenskan,0.95,2.07,23.22
522,521,Burton Albion,English League One,0.86,1.94,23.2
523,522,Orange County SC,United Soccer League,0.9,2.0,23.11
524,524,Sarpsborg,Norwegian Tippeligaen,0.72,1.73,22.96
525,525,Cosenza,Italy Serie B,0.68,1.67,22.88
526,526,Chateauroux,French Ligue 2,0.65,1.61,22.87
527,527,Indy Eleven,United Soccer League,0.64,1.61,22.77
528,530,Orléans,French Ligue 2,0.76,1.83,22.36
529,531,Shonan Bellmare,Japanese J League,0.86,1.99,22.29
530,512,Blackpool,English League One,0.71,1.76,22.25
531,562,Lincoln City,English League One,0.73,1.79,22.23
532,516,Pordenone Calcio,Italy Serie B,0.75,1.84,22.06
533,533,IK Sirius,Swedish Allsvenskan,0.84,1.98,22.06
534,534,Tromso,Norwegian Tippeligaen,1.0,2.23,22.0
535,536,Chambly Thelle FC,French Ligue 2,0.7,1.77,21.8
536,538,FC Cincinnati,Major League Soccer,0.85,2.03,21.63
537,539,Highlands Park FC,South African ABSA Premier League,0.58,1.58,21.62
538,540,San Antonio FC,United Soccer League,1.07,2.38,21.61
539,541,Paris FC,French Ligue 2,0.54,1.51,21.61
540,532,Ascoli,Italy Serie B,0.72,1.82,21.61
541,543,F.B.C Unione Venezia,Italy Serie B,0.63,1.68,21.46
542,550,Swindon Town,English League Two,0.8,1.97,21.25
543,544,Niort,French Ligue 2,0.59,1.63,21.22
544,545,Mjondalen,Norwegian Tippeligaen,0.84,2.05,21.08
545,504,Wycombe Wanderers,English League One,0.63,1.71,21.04
546,546,Östersunds FK,Swedish Allsvenskan,0.8,2.0,20.9
547,552,Accrington Stanley,English League One,0.72,1.88,20.69
548,537,Hearts,Scottish Premiership,0.68,1.82,20.61
549,547,Jubilo Iwata,Japanese J League,0.61,1.73,20.35
550,561,St Mirren,Scottish Premiership,0.66,1.81,20.35
551,548,Sacramento Republic FC,United Soccer League,0.75,1.96,20.27
552,577,Milton Keynes Dons,English League One,0.74,1.96,20.04
553,553,LA Galaxy II,United Soccer League,0.97,2.34,20.0
554,551,Ross County,Scottish Premiership,0.8,2.08,19.91
555,554,Gillingham,English League One,0.58,1.7,19.82
556,555,Austin Bold FC,United Soccer League,0.78,2.05,19.79
557,556,Ranheim,Norwegian Tippeligaen,0.87,2.19,19.77
558,557,Fresno FC,United Soccer League,0.86,2.18,19.74
559,558,El Paso Locomotive FC,United Soccer League,0.6,1.76,19.57
560,559,Helsingborgs IF,Swedish Allsvenskan,0.67,1.9,19.47
561,549,Livorno,Italy Serie B,0.64,1.84,19.46
562,560,Lillestrom,Norwegian Tippeligaen,0.71,1.96,19.42
563,564,Hamilton Academical,Scottish Premiership,0.69,1.97,18.81
564,563,Maritzburg Utd,South African ABSA Premier League,0.41,1.47,18.77
565,565,Juve Stabia,Italy Serie B,0.62,1.88,18.58
566,542,Bristol Rovers,English League One,0.65,1.92,18.57
567,573,Crewe Alexandra,English League Two,0.81,2.21,18.43
568,571,St Johnstone,Scottish Premiership,0.57,1.81,18.13
569,568,Bradford City,English League Two,0.54,1.77,17.91
570,570,New Mexico United,United Soccer League,0.82,2.29,17.79
571,567,Shrewsbury Town,English League One,0.49,1.72,17.51
572,572,Matsumoto Yamaga FC,Japanese J League,0.39,1.53,17.45
573,569,Pisa,Italy Serie B,0.6,1.96,17.06
574,574,Chippa United,South African ABSA Premier League,0.36,1.5,16.9
575,575,Charleston Battery,United Soccer League,0.59,1.94,16.89
576,576,Golden Arrows,South African ABSA Premier League,0.47,1.74,16.68
577,566,Scunthorpe,English League Two,0.63,2.06,16.45
578,580,Portland Timbers 2,United Soccer League,0.99,2.7,16.3
579,581,Polokwane City FC,South African ABSA Premier League,0.5,1.83,16.28
580,582,Loudoun United FC,United Soccer League,0.95,2.65,16.21
581,583,Ottawa Fury FC,United Soccer League,0.59,2.01,16.19
582,589,Exeter City,English League Two,0.57,1.98,16.15
583,584,Central Coast Mariners,Australian A-League,0.7,2.24,15.84
584,585,AmaZulu,South African ABSA Premier League,0.4,1.67,15.8
585,588,Colchester United,English League Two,0.55,1.98,15.61
586,579,Trapani,Italy Serie B,0.57,2.02,15.56
587,587,Plymouth Argyle,English League Two,0.56,2.01,15.5
588,578,Cheltenham Town,English League Two,0.52,1.95,15.29
589,590,AFC Wimbledon,English League One,0.52,1.97,15.2
590,592,Charlotte Independence,United Soccer League,0.6,2.19,14.44
591,593,Kalmar FF,Swedish Allsvenskan,0.47,1.95,14.35
592,594,Vasby United,Swedish Allsvenskan,0.49,1.99,14.3
593,595,Saint Louis FC,United Soccer League,0.45,1.94,13.98
594,596,Oklahoma City Energy FC,United Soccer League,0.58,2.22,13.81
595,597,Rio Grande Valley FC Toros,United Soccer League,0.58,2.22,13.81
596,598,Black Leopards,South African ABSA Premier League,0.45,1.97,13.76
597,591,Tranmere Rovers,English League One,0.58,2.25,13.49
598,599,Falkenbergs FF,Swedish Allsvenskan,0.57,2.24,13.42
599,600,Baroka FC,South African ABSA Premier League,0.29,1.65,13.35
600,586,Northampton Town,English League Two,0.53,2.17,13.3
601,604,Rochdale,English League One,0.52,2.22,12.68
602,609,Salford City,English League Two,0.49,2.15,12.61
603,602,Las Vegas Lights FC,United Soccer League,0.57,2.39,12.05
604,603,Mansfield Town,English League Two,0.5,2.26,11.88
605,601,Forest Green Rovers,English League Two,0.28,1.8,11.6
606,605,Hartford Athletic,United Soccer League,0.78,2.88,11.42
607,606,Stellenbosch FC,South African ABSA Premier League,0.34,1.96,11.41
608,608,Bolton,English League One,0.52,2.37,11.27
609,612,Southend United,English League One,0.64,2.76,10.24
610,610,Swope Park Rangers,United Soccer League,0.68,2.87,9.98
611,611,Birmingham Legion FC,United Soccer League,0.39,2.26,9.95
612,613,Bethlehem Steel FC,United Soccer League,0.71,2.98,9.62
613,607,Oldham Athletic,English League Two,0.37,2.32,9.13
614,615,Atlanta United 2,United Soccer League,0.62,2.88,9.09
615,616,Tacoma Defiance,United Soccer League,0.57,2.78,9.08
616,617,Memphis 901 FC,United Soccer League,0.32,2.23,8.92
617,626,Crawley Town,English League Two,0.35,2.31,8.88
618,618,Newport County,English League Two,0.2,1.93,8.72
619,619,Tulsa Roughnecks,United Soccer League,0.47,2.63,8.56
620,614,Leyton Orient,English League Two,0.39,2.48,8.33
621,621,Port Vale,English League Two,0.26,2.16,8.29
622,625,Walsall,English League Two,0.24,2.19,7.64
623,623,Grimsby Town,English League Two,0.2,2.1,7.56
624,622,Stevenage,English League Two,0.2,2.1,7.54
625,620,Cambridge United,English League Two,0.22,2.19,7.25
626,624,Macclesfield,English League Two,0.2,2.21,6.91
627,627,Carlisle United,English League Two,0.21,2.38,6.08
628,628,Colorado Springs Switchbacks FC,United Soccer League,0.2,2.45,5.6
629,629,Morecambe,English League Two,0.2,2.49,5.39
